0,180,Concert0,Location0,1512450186,movieposter1.jpg,300
1,96,Concert1,Location1,1525064586,movieposter5.jpg,150
2,53,Concert2,Location2,1521608586,movieposter4.jpg,250
3,190,Concert3,Location3,1509080586,movieposter3.jpg,300
4,14,Concert4,Location4,1516856586,movieposter5.jpg,300
5,171,Concert5,Location5,1521781386,movieposter3.jpg,350
6,154,Concert6,Location6,1505970186,movieposter4.jpg,300
7,56,Concert7,Location7,1516078986,movieposter4.jpg,350
8,0,Concert8,Location8,1513227786,movieposter3.jpg,100
9,6,Concert9,Location9,1501131786,movieposter1.jpg,400
10,151,Concert10,Location10,1522386186,movieposter2.jpg,100
11,91,Concert11,Location11,1519621386,movieposter2.jpg,250
12,59,Concert12,Location12,1512104586,movieposter5.jpg,450
13,109,Concert13,Location13,1499922186,movieposter2.jpg,150
14,129,Concert14,Location14,1501909386,movieposter4.jpg,400
15,39,Concert15,Location15,1517202186,movieposter4.jpg,450
16,166,Concert16,Location16,1508130186,movieposter2.jpg,300
17,58,Concert17,Location17,1519189386,movieposter1.jpg,250
18,133,Concert18,Location18,1500958986,movieposter1.jpg,100
19,170,Concert19,Location19,1513832586,movieposter2.jpg,100
20,112,Concert20,Location20,1510030986,movieposter1.jpg,300
21,158,Concert21,Location21,1515733386,movieposter5.jpg,200
22,79,Concert22,Location22,1504328586,movieposter1.jpg,400
23,97,Concert23,Location23,1526446986,movieposter4.jpg,200
24,125,Concert24,Location24,1503032586,movieposter2.jpg,400
25,104,Concert25,Location25,1518843786,movieposter2.jpg,350
26,136,Concert26,Location26,1518238986,movieposter3.jpg,400
27,34,Concert27,Location27,1522040586,movieposter1.jpg,400
28,105,Concert28,Location28,1519966986,movieposter5.jpg,350
29,166,Concert29,Location29,1518498186,movieposter2.jpg,250
30,195,Concert30,Location30,1513659786,movieposter3.jpg,250
31,24,Concert31,Location31,1508821386,movieposter5.jpg,400
32,172,Concert32,Location32,1499749386,movieposter1.jpg,200
33,84,Concert33,Location33,1529989386,movieposter1.jpg,350
34,157,Concert34,Location34,1524373386,movieposter4.jpg,200
35,76,Concert35,Location35,1527138186,movieposter5.jpg,100
36,160,Concert36,Location36,1521090186,movieposter3.jpg,400
37,111,Concert37,Location37,1524459786,movieposter1.jpg,300
38,3,Concert38,Location38,1505710986,movieposter5.jpg,300
39,169,Concert39,Location39,1520744586,movieposter3.jpg,100
40,22,Concert40,Location40,1516856586,movieposter2.jpg,450
41,116,Concert41,Location41,1529038986,movieposter4.jpg,200
42,1,Concert42,Location42,1528693386,movieposter2.jpg,400
43,33,Concert43,Location43,1510981386,movieposter3.jpg,100
44,164,Concert44,Location44,1524200586,movieposter2.jpg,150
45,38,Concert45,Location45,1527829386,movieposter1.jpg,150
46,54,Concert46,Location46,1527138186,movieposter2.jpg,450
47,82,Concert47,Location47,1524373386,movieposter5.jpg,350
48,62,Concert48,Location48,1523336586,movieposter2.jpg,150
49,7,Concert49,Location49,1502341386,movieposter4.jpg,250
50,153,Concert50,Location50,1528520586,movieposter1.jpg,400
51,47,Concert51,Location51,1513227786,movieposter5.jpg,450
52,156,Concert52,Location52,1526965386,movieposter3.jpg,350
53,16,Concert53,Location53,1524200586,movieposter4.jpg,200
54,64,Concert54,Location54,1517202186,movieposter4.jpg,400
55,119,Concert55,Location55,1501822986,movieposter4.jpg,150
56,153,Concert56,Location56,1521781386,movieposter1.jpg,300
57,104,Concert57,Location57,1506747786,movieposter1.jpg,100
58,102,Concert58,Location58,1519534986,movieposter3.jpg,300
59,49,Concert59,Location59,1519362186,movieposter5.jpg,150
60,98,Concert60,Location60,1517202186,movieposter5.jpg,350
61,2,Concert61,Location61,1506488586,movieposter5.jpg,300
62,125,Concert62,Location62,1520398986,movieposter2.jpg,250
63,159,Concert63,Location63,1506056586,movieposter3.jpg,100
64,192,Concert64,Location64,1523941386,movieposter4.jpg,250
65,2,Concert65,Location65,1530248586,movieposter2.jpg,400
66,194,Concert66,Location66,1517547786,movieposter5.jpg,250
67,162,Concert67,Location67,1519966986,movieposter3.jpg,150
68,71,Concert68,Location68,1521954186,movieposter2.jpg,200
69,108,Concert69,Location69,1511672586,movieposter1.jpg,200
70,86,Concert70,Location70,1500958986,movieposter5.jpg,300
71,113,Concert71,Location71,1528779786,movieposter4.jpg,200
72,108,Concert72,Location72,1509944586,movieposter5.jpg,250
73,60,Concert73,Location73,1529557386,movieposter5.jpg,450
74,26,Concert74,Location74,1501477386,movieposter2.jpg,300
75,188,Concert75,Location75,1500786186,movieposter4.jpg,350
76,138,Concert76,Location76,1503810186,movieposter5.jpg,200
77,76,Concert77,Location77,1508648586,movieposter5.jpg,100
78,185,Concert78,Location78,1520917386,movieposter2.jpg,250
79,141,Concert79,Location79,1503637386,movieposter2.jpg,350
80,140,Concert80,Location80,1503118986,movieposter2.jpg,300
81,74,Concert81,Location81,1522645386,movieposter4.jpg,350
82,122,Concert82,Location82,1530680586,movieposter4.jpg,300
83,176,Concert83,Location83,1516770186,movieposter5.jpg,250
84,189,Concert84,Location84,1526965386,movieposter4.jpg,200
85,133,Concert85,Location85,1527742986,movieposter1.jpg,100
86,199,Concert86,Location86,1502686986,movieposter4.jpg,300
87,75,Concert87,Location87,1521003786,movieposter2.jpg,200
88,6,Concert88,Location88,1525496586,movieposter5.jpg,450
89,113,Concert89,Location89,1506056586,movieposter1.jpg,150
90,137,Concert90,Location90,1516078986,movieposter2.jpg,300
91,176,Concert91,Location91,1524459786,movieposter3.jpg,250
92,65,Concert92,Location92,1526187786,movieposter4.jpg,350
93,53,Concert93,Location93,1526533386,movieposter4.jpg,350
94,11,Concert94,Location94,1523509386,movieposter3.jpg,200
95,155,Concert95,Location95,1530334986,movieposter3.jpg,300
96,134,Concert96,Location96,1518757386,movieposter3.jpg,100
97,132,Concert97,Location97,1530680586,movieposter4.jpg,300
98,152,Concert98,Location98,1523595786,movieposter2.jpg,200
99,101,Concert99,Location99,1526619786,movieposter2.jpg,100
100,61,Concert100,Location100,1501218186,movieposter3.jpg,450
101,51,Concert101,Location101,1507784586,movieposter5.jpg,400
102,72,Concert102,Location102,1513918986,movieposter3.jpg,350
103,193,Concert103,Location103,1521003786,movieposter4.jpg,250
104,159,Concert104,Location104,1500872586,movieposter2.jpg,150
105,111,Concert105,Location105,1528261386,movieposter2.jpg,150
106,174,Concert106,Location106,1522558986,movieposter1.jpg,450
107,18,Concert107,Location107,1525064586,movieposter5.jpg,100
108,149,Concert108,Location108,1501995786,movieposter1.jpg,100
109,123,Concert109,Location109,1505451786,movieposter4.jpg,200
110,66,Concert110,Location110,1528261386,movieposter2.jpg,350
111,154,Concert111,Location111,1521349386,movieposter2.jpg,150
112,137,Concert112,Location112,1522213386,movieposter5.jpg,250
113,123,Concert113,Location113,1511499786,movieposter2.jpg,150
114,55,Concert114,Location114,1508734986,movieposter4.jpg,100
115,53,Concert115,Location115,1502600586,movieposter5.jpg,400
116,9,Concert116,Location116,1529211786,movieposter1.jpg,450
117,99,Concert117,Location117,1525669386,movieposter1.jpg,200
118,37,Concert118,Location118,1502254986,movieposter3.jpg,100
119,108,Concert119,Location119,1527742986,movieposter5.jpg,350
120,131,Concert120,Location120,1523336586,movieposter3.jpg,250
121,164,Concert121,Location121,1505883786,movieposter5.jpg,450
122,116,Concert122,Location122,1502427786,movieposter1.jpg,150
123,59,Concert123,Location123,1501822986,movieposter3.jpg,450
124,19,Concert124,Location124,1520398986,movieposter1.jpg,150
125,6,Concert125,Location125,1516770186,movieposter4.jpg,450
126,197,Concert126,Location126,1512450186,movieposter3.jpg,450
127,194,Concert127,Location127,1524978186,movieposter4.jpg,150
128,163,Concert128,Location128,1507352586,movieposter3.jpg,200
129,65,Concert129,Location129,1525410186,movieposter3.jpg,200
130,56,Concert130,Location130,1528520586,movieposter2.jpg,350
131,137,Concert131,Location131,1507957386,movieposter3.jpg,450
132,180,Concert132,Location132,1522126986,movieposter5.jpg,300
133,134,Concert133,Location133,1502514186,movieposter3.jpg,200
134,151,Concert134,Location134,1525842186,movieposter5.jpg,200
135,56,Concert135,Location135,1521349386,movieposter5.jpg,300
136,125,Concert136,Location136,1507006986,movieposter2.jpg,350
137,144,Concert137,Location137,1528779786,movieposter5.jpg,150
138,59,Concert138,Location138,1512277386,movieposter4.jpg,450
139,138,Concert139,Location139,1504328586,movieposter1.jpg,300
140,187,Concert140,Location140,1511067786,movieposter2.jpg,450
141,186,Concert141,Location141,1505538186,movieposter2.jpg,450
142,111,Concert142,Location142,1506402186,movieposter1.jpg,200
143,18,Concert143,Location143,1522645386,movieposter1.jpg,350
144,58,Concert144,Location144,1499403786,movieposter3.jpg,400
145,155,Concert145,Location145,1515992586,movieposter5.jpg,150
146,180,Concert146,Location146,1530075786,movieposter5.jpg,200
147,39,Concert147,Location147,1518930186,movieposter5.jpg,100
148,158,Concert148,Location148,1502859786,movieposter3.jpg,350
149,193,Concert149,Location149,1515646986,movieposter3.jpg,350
150,36,Concert150,Location150,1512018186,movieposter4.jpg,150
151,163,Concert151,Location151,1526533386,movieposter2.jpg,450
152,196,Concert152,Location152,1508648586,movieposter3.jpg,450
153,61,Concert153,Location153,1515992586,movieposter1.jpg,450
154,79,Concert154,Location154,1524114186,movieposter1.jpg,300
155,196,Concert155,Location155,1526878986,movieposter2.jpg,300
156,138,Concert156,Location156,1529470986,movieposter5.jpg,350
157,61,Concert157,Location157,1523336586,movieposter1.jpg,300
158,137,Concert158,Location158,1510722186,movieposter5.jpg,200
159,26,Concert159,Location159,1527570186,movieposter1.jpg,350
160,4,Concert160,Location160,1527138186,movieposter3.jpg,250
161,146,Concert161,Location161,1529902986,movieposter1.jpg,450
162,198,Concert162,Location162,1504846986,movieposter1.jpg,250
163,97,Concert163,Location163,1512190986,movieposter3.jpg,200
164,189,Concert164,Location164,1508734986,movieposter2.jpg,450
165,99,Concert165,Location165,1529902986,movieposter2.jpg,200
166,121,Concert166,Location166,1520053386,movieposter1.jpg,150
167,179,Concert167,Location167,1520830986,movieposter5.jpg,200
168,198,Concert168,Location168,1506574986,movieposter1.jpg,150
169,177,Concert169,Location169,1507179786,movieposter5.jpg,100
170,44,Concert170,Location170,1524805386,movieposter5.jpg,250
171,195,Concert171,Location171,1515992586,movieposter5.jpg,350
172,185,Concert172,Location172,1511758986,movieposter2.jpg,350
173,185,Concert173,Location173,1517893386,movieposter4.jpg,250
174,199,Concert174,Location174,1512104586,movieposter5.jpg,300
175,0,Concert175,Location175,1516424586,movieposter1.jpg,200
176,100,Concert176,Location176,1513573386,movieposter4.jpg,100
177,146,Concert177,Location177,1510635786,movieposter2.jpg,150
178,71,Concert178,Location178,1510549386,movieposter2.jpg,450
179,84,Concert179,Location179,1511240586,movieposter5.jpg,200
180,49,Concert180,Location180,1502686986,movieposter1.jpg,100
181,156,Concert181,Location181,1510290186,movieposter2.jpg,100
182,124,Concert182,Location182,1521003786,movieposter1.jpg,350
183,79,Concert183,Location183,1523077386,movieposter5.jpg,200
184,139,Concert184,Location184,1525237386,movieposter3.jpg,450
185,176,Concert185,Location185,1500354186,movieposter5.jpg,200
186,29,Concert186,Location186,1529557386,movieposter4.jpg,350
187,118,Concert187,Location187,1525582986,movieposter3.jpg,300
188,184,Concert188,Location188,1515474186,movieposter4.jpg,250
189,12,Concert189,Location189,1505019786,movieposter2.jpg,450
190,183,Concert190,Location190,1501477386,movieposter3.jpg,450
191,88,Concert191,Location191,1501477386,movieposter2.jpg,450
192,34,Concert192,Location192,1502600586,movieposter2.jpg,300
193,49,Concert193,Location193,1515214986,movieposter1.jpg,200
194,42,Concert194,Location194,1504674186,movieposter3.jpg,300
195,81,Concert195,Location195,1512450186,movieposter3.jpg,250
196,46,Concert196,Location196,1502168586,movieposter4.jpg,100
197,124,Concert197,Location197,1523077386,movieposter4.jpg,450
198,170,Concert198,Location198,1520398986,movieposter2.jpg,250
199,92,Concert199,Location199,1521090186,movieposter2.jpg,150
200,17,Concert200,Location200,1523077386,movieposter5.jpg,400
201,4,Concert201,Location201,1504501386,movieposter4.jpg,100
202,96,Concert202,Location202,1528261386,movieposter5.jpg,300
203,158,Concert203,Location203,1508648586,movieposter5.jpg,400
204,155,Concert204,Location204,1508648586,movieposter2.jpg,100
205,110,Concert205,Location205,1527138186,movieposter3.jpg,350
206,66,Concert206,Location206,1514955786,movieposter4.jpg,300
207,69,Concert207,Location207,1507093386,movieposter4.jpg,300
208,22,Concert208,Location208,1514610186,movieposter2.jpg,150
209,61,Concert209,Location209,1528434186,movieposter4.jpg,350
210,141,Concert210,Location210,1518757386,movieposter1.jpg,250
211,126,Concert211,Location211,1508302986,movieposter1.jpg,350
212,65,Concert212,Location212,1499576586,movieposter4.jpg,350
213,99,Concert213,Location213,1510117386,movieposter3.jpg,150
214,119,Concert214,Location214,1514264586,movieposter3.jpg,450
215,166,Concert215,Location215,1524632586,movieposter2.jpg,300
216,20,Concert216,Location216,1513659786,movieposter1.jpg,150
217,36,Concert217,Location217,1503810186,movieposter2.jpg,450
218,125,Concert218,Location218,1509598986,movieposter4.jpg,250
219,70,Concert219,Location219,1518325386,movieposter3.jpg,150
220,106,Concert220,Location220,1511067786,movieposter2.jpg,400
221,88,Concert221,Location221,1514178186,movieposter1.jpg,150
222,117,Concert222,Location222,1504587786,movieposter1.jpg,100
223,28,Concert223,Location223,1500181386,movieposter2.jpg,400
224,27,Concert224,Location224,1504242186,movieposter1.jpg,350
225,76,Concert225,Location225,1505365386,movieposter2.jpg,100
226,20,Concert226,Location226,1521954186,movieposter1.jpg,200
227,84,Concert227,Location227,1520226186,movieposter4.jpg,250
228,151,Concert228,Location228,1511499786,movieposter2.jpg,150
229,4,Concert229,Location229,1506315786,movieposter1.jpg,300
230,88,Concert230,Location230,1524459786,movieposter5.jpg,400
231,17,Concert231,Location231,1504587786,movieposter2.jpg,100
232,1,Concert232,Location232,1508389386,movieposter1.jpg,200
233,84,Concert233,Location233,1516424586,movieposter1.jpg,250
234,199,Concert234,Location234,1523595786,movieposter2.jpg,100
235,193,Concert235,Location235,1530766986,movieposter1.jpg,450
236,159,Concert236,Location236,1527656586,movieposter4.jpg,250
237,25,Concert237,Location237,1516942986,movieposter3.jpg,450
238,49,Concert238,Location238,1518066186,movieposter2.jpg,450
239,47,Concert239,Location239,1514696586,movieposter2.jpg,200
240,185,Concert240,Location240,1510376586,movieposter2.jpg,400
241,128,Concert241,Location241,1528606986,movieposter3.jpg,400
242,63,Concert242,Location242,1514350986,movieposter5.jpg,400
243,140,Concert243,Location243,1512450186,movieposter1.jpg,350
244,75,Concert244,Location244,1511672586,movieposter2.jpg,200
245,93,Concert245,Location245,1513314186,movieposter5.jpg,250
246,40,Concert246,Location246,1530334986,movieposter4.jpg,150
247,37,Concert247,Location247,1500526986,movieposter2.jpg,250
248,7,Concert248,Location248,1511499786,movieposter4.jpg,450
249,92,Concert249,Location249,1501736586,movieposter2.jpg,300
250,101,Concert250,Location250,1521954186,movieposter1.jpg,400
251,28,Concert251,Location251,1530680586,movieposter1.jpg,100
252,4,Concert252,Location252,1518930186,movieposter1.jpg,300
253,54,Concert253,Location253,1502082186,movieposter5.jpg,400
254,58,Concert254,Location254,1516683786,movieposter1.jpg,300
255,184,Concert255,Location255,1520226186,movieposter4.jpg,300
256,39,Concert256,Location256,1521954186,movieposter5.jpg,200
257,47,Concert257,Location257,1505365386,movieposter4.jpg,150
258,56,Concert258,Location258,1523336586,movieposter3.jpg,450
259,39,Concert259,Location259,1500699786,movieposter1.jpg,100
260,156,Concert260,Location260,1501909386,movieposter2.jpg,150
261,189,Concert261,Location261,1521176586,movieposter1.jpg,450
262,184,Concert262,Location262,1505883786,movieposter5.jpg,400
263,75,Concert263,Location263,1526706186,movieposter3.jpg,200
264,159,Concert264,Location264,1524027786,movieposter3.jpg,350
265,70,Concert265,Location265,1503550986,movieposter5.jpg,200
266,131,Concert266,Location266,1507698186,movieposter3.jpg,350
267,124,Concert267,Location267,1506056586,movieposter4.jpg,400
268,171,Concert268,Location268,1511672586,movieposter4.jpg,350
269,54,Concert269,Location269,1511931786,movieposter2.jpg,100
270,22,Concert270,Location270,1513918986,movieposter4.jpg,350
271,104,Concert271,Location271,1499403786,movieposter1.jpg,350
272,92,Concert272,Location272,1501390986,movieposter4.jpg,100
273,191,Concert273,Location273,1506661386,movieposter1.jpg,100
274,11,Concert274,Location274,1515128586,movieposter3.jpg,250
275,146,Concert275,Location275,1526878986,movieposter4.jpg,100
276,165,Concert276,Location276,1528779786,movieposter3.jpg,150
277,157,Concert277,Location277,1519966986,movieposter2.jpg,300
278,32,Concert278,Location278,1519189386,movieposter3.jpg,400
279,75,Concert279,Location279,1504414986,movieposter4.jpg,350
280,131,Concert280,Location280,1514005386,movieposter1.jpg,400
281,99,Concert281,Location281,1513400586,movieposter4.jpg,100
282,5,Concert282,Location282,1505710986,movieposter4.jpg,450
283,114,Concert283,Location283,1517720586,movieposter2.jpg,100
284,98,Concert284,Location284,1524200586,movieposter5.jpg,150
285,58,Concert285,Location285,1514005386,movieposter5.jpg,450
286,171,Concert286,Location286,1520658186,movieposter5.jpg,450
287,96,Concert287,Location287,1519707786,movieposter5.jpg,450
288,102,Concert288,Location288,1505019786,movieposter1.jpg,450
289,16,Concert289,Location289,1523336586,movieposter1.jpg,300
290,120,Concert290,Location290,1499403786,movieposter3.jpg,350
291,24,Concert291,Location291,1505538186,movieposter3.jpg,350
292,190,Concert292,Location292,1527138186,movieposter5.jpg,150
293,178,Concert293,Location293,1507957386,movieposter4.jpg,350
294,176,Concert294,Location294,1519275786,movieposter2.jpg,450
295,60,Concert295,Location295,1522904586,movieposter4.jpg,350
296,47,Concert296,Location296,1513573386,movieposter3.jpg,450
297,151,Concert297,Location297,1525237386,movieposter5.jpg,150
298,198,Concert298,Location298,1508562186,movieposter3.jpg,400
299,127,Concert299,Location299,1529384586,movieposter1.jpg,150
300,90,Concert300,Location300,1499922186,movieposter2.jpg,400
301,192,Concert301,Location301,1527570186,movieposter3.jpg,400
302,78,Concert302,Location302,1514005386,movieposter3.jpg,100
303,136,Concert303,Location303,1509426186,movieposter1.jpg,200
304,137,Concert304,Location304,1517029386,movieposter1.jpg,250
305,7,Concert305,Location305,1500267786,movieposter2.jpg,250
306,49,Concert306,Location306,1527051786,movieposter4.jpg,100
307,173,Concert307,Location307,1513314186,movieposter1.jpg,400
308,145,Concert308,Location308,1523077386,movieposter4.jpg,300
309,101,Concert309,Location309,1523422986,movieposter3.jpg,150
310,131,Concert310,Location310,1508130186,movieposter1.jpg,200
311,120,Concert311,Location311,1518498186,movieposter5.jpg,450
312,184,Concert312,Location312,1509771786,movieposter5.jpg,350
313,198,Concert313,Location313,1523336586,movieposter5.jpg,450
314,113,Concert314,Location314,1503637386,movieposter5.jpg,200
315,43,Concert315,Location315,1515387786,movieposter4.jpg,150
316,15,Concert316,Location316,1503896586,movieposter5.jpg,200
317,52,Concert317,Location317,1526792586,movieposter2.jpg,200
318,60,Concert318,Location318,1527656586,movieposter4.jpg,350
319,50,Concert319,Location319,1516424586,movieposter5.jpg,350
320,96,Concert320,Location320,1513659786,movieposter1.jpg,100
321,92,Concert321,Location321,1508648586,movieposter4.jpg,150
322,105,Concert322,Location322,1504069386,movieposter4.jpg,100
323,69,Concert323,Location323,1504328586,movieposter5.jpg,300
324,130,Concert324,Location324,1509858186,movieposter4.jpg,450
325,58,Concert325,Location325,1518930186,movieposter2.jpg,350
326,126,Concert326,Location326,1517893386,movieposter5.jpg,200
327,37,Concert327,Location327,1523768586,movieposter3.jpg,450
328,120,Concert328,Location328,1526360586,movieposter4.jpg,300
329,152,Concert329,Location329,1511413386,movieposter2.jpg,100
330,123,Concert330,Location330,1511326986,movieposter5.jpg,250
331,92,Concert331,Location331,1523941386,movieposter3.jpg,100
332,176,Concert332,Location332,1501909386,movieposter2.jpg,100
333,109,Concert333,Location333,1503205386,movieposter2.jpg,300
334,9,Concert334,Location334,1528261386,movieposter2.jpg,400
335,133,Concert335,Location335,1527570186,movieposter5.jpg,400
336,58,Concert336,Location336,1500786186,movieposter3.jpg,100
337,132,Concert337,Location337,1527138186,movieposter1.jpg,400
338,90,Concert338,Location338,1503464586,movieposter2.jpg,100
339,199,Concert339,Location339,1521003786,movieposter1.jpg,350
340,2,Concert340,Location340,1518066186,movieposter5.jpg,450
341,43,Concert341,Location341,1525755786,movieposter5.jpg,450
342,101,Concert342,Location342,1517806986,movieposter1.jpg,150
343,122,Concert343,Location343,1514005386,movieposter1.jpg,200
344,120,Concert344,Location344,1525582986,movieposter4.jpg,250
345,87,Concert345,Location345,1502341386,movieposter5.jpg,350
346,55,Concert346,Location346,1503982986,movieposter2.jpg,100
347,167,Concert347,Location347,1509080586,movieposter1.jpg,150
348,9,Concert348,Location348,1525928586,movieposter1.jpg,150
349,132,Concert349,Location349,1499662986,movieposter1.jpg,100
350,81,Concert350,Location350,1518757386,movieposter5.jpg,350
351,92,Concert351,Location351,1500354186,movieposter1.jpg,100
352,179,Concert352,Location352,1502427786,movieposter5.jpg,150
353,110,Concert353,Location353,1527397386,movieposter3.jpg,100
354,147,Concert354,Location354,1514005386,movieposter3.jpg,250
355,176,Concert355,Location355,1501822986,movieposter4.jpg,450
356,124,Concert356,Location356,1504414986,movieposter4.jpg,250
357,194,Concert357,Location357,1529298186,movieposter1.jpg,100
358,134,Concert358,Location358,1512709386,movieposter5.jpg,100
359,91,Concert359,Location359,1525755786,movieposter3.jpg,150
360,23,Concert360,Location360,1504760586,movieposter1.jpg,350
361,185,Concert361,Location361,1513659786,movieposter2.jpg,150
362,73,Concert362,Location362,1503637386,movieposter4.jpg,350
363,195,Concert363,Location363,1499922186,movieposter3.jpg,100
364,43,Concert364,Location364,1502341386,movieposter4.jpg,350
365,100,Concert365,Location365,1526274186,movieposter3.jpg,350
366,157,Concert366,Location366,1512450186,movieposter3.jpg,100
367,0,Concert367,Location367,1511758986,movieposter4.jpg,250
368,167,Concert368,Location368,1515128586,movieposter2.jpg,300
369,69,Concert369,Location369,1517288586,movieposter3.jpg,450
370,142,Concert370,Location370,1505883786,movieposter4.jpg,250
371,34,Concert371,Location371,1503464586,movieposter2.jpg,400
372,28,Concert372,Location372,1499922186,movieposter3.jpg,150
373,49,Concert373,Location373,1501131786,movieposter1.jpg,450
374,186,Concert374,Location374,1530507786,movieposter4.jpg,350
375,59,Concert375,Location375,1514091786,movieposter2.jpg,200
376,0,Concert376,Location376,1512363786,movieposter5.jpg,350
377,150,Concert377,Location377,1523336586,movieposter3.jpg,150
378,62,Concert378,Location378,1530594186,movieposter1.jpg,300
379,79,Concert379,Location379,1529557386,movieposter1.jpg,100
380,83,Concert380,Location380,1502082186,movieposter2.jpg,150
381,80,Concert381,Location381,1527915786,movieposter1.jpg,150
382,114,Concert382,Location382,1512882186,movieposter4.jpg,350
383,59,Concert383,Location383,1524200586,movieposter3.jpg,300
384,38,Concert384,Location384,1516078986,movieposter3.jpg,300
385,160,Concert385,Location385,1529038986,movieposter5.jpg,250
386,199,Concert386,Location386,1520139786,movieposter5.jpg,250
387,147,Concert387,Location387,1509080586,movieposter3.jpg,200
388,54,Concert388,Location388,1514955786,movieposter2.jpg,250
389,40,Concert389,Location389,1500526986,movieposter4.jpg,100
390,28,Concert390,Location390,1505538186,movieposter4.jpg,100
391,143,Concert391,Location391,1520917386,movieposter1.jpg,350
392,181,Concert392,Location392,1530421386,movieposter1.jpg,300
393,130,Concert393,Location393,1501477386,movieposter3.jpg,200
394,187,Concert394,Location394,1527829386,movieposter2.jpg,450
395,56,Concert395,Location395,1530421386,movieposter5.jpg,300
396,83,Concert396,Location396,1524200586,movieposter2.jpg,200
397,101,Concert397,Location397,1523336586,movieposter4.jpg,200
398,151,Concert398,Location398,1514350986,movieposter5.jpg,450
399,156,Concert399,Location399,1502773386,movieposter1.jpg,250
400,37,Concert400,Location400,1529470986,movieposter2.jpg,350
401,48,Concert401,Location401,1509685386,movieposter1.jpg,450
402,199,Concert402,Location402,1517374986,movieposter2.jpg,400
403,184,Concert403,Location403,1516597386,movieposter5.jpg,450
404,130,Concert404,Location404,1525582986,movieposter5.jpg,300
405,84,Concert405,Location405,1507784586,movieposter2.jpg,100
406,109,Concert406,Location406,1527397386,movieposter4.jpg,450
407,106,Concert407,Location407,1526187786,movieposter3.jpg,200
408,41,Concert408,Location408,1514955786,movieposter4.jpg,250
409,44,Concert409,Location409,1518670986,movieposter4.jpg,350
410,198,Concert410,Location410,1514610186,movieposter4.jpg,100
411,127,Concert411,Location411,1516597386,movieposter4.jpg,400
412,154,Concert412,Location412,1513227786,movieposter4.jpg,450
413,121,Concert413,Location413,1504414986,movieposter5.jpg,450
414,186,Concert414,Location414,1511586186,movieposter5.jpg,400
415,56,Concert415,Location415,1515042186,movieposter1.jpg,150
416,93,Concert416,Location416,1523509386,movieposter5.jpg,300
417,154,Concert417,Location417,1512795786,movieposter2.jpg,150
418,32,Concert418,Location418,1503032586,movieposter4.jpg,300
419,143,Concert419,Location419,1510635786,movieposter2.jpg,300
420,130,Concert420,Location420,1527224586,movieposter4.jpg,100
421,178,Concert421,Location421,1518757386,movieposter4.jpg,250
422,139,Concert422,Location422,1511413386,movieposter4.jpg,300
423,140,Concert423,Location423,1502168586,movieposter1.jpg,450
424,140,Concert424,Location424,1526792586,movieposter1.jpg,450
425,183,Concert425,Location425,1518498186,movieposter5.jpg,400
426,0,Concert426,Location426,1513918986,movieposter2.jpg,450
427,10,Concert427,Location427,1517720586,movieposter2.jpg,300
428,192,Concert428,Location428,1501304586,movieposter4.jpg,400
429,173,Concert429,Location429,1518152586,movieposter1.jpg,400
430,135,Concert430,Location430,1529384586,movieposter4.jpg,150
431,102,Concert431,Location431,1507698186,movieposter5.jpg,450
432,17,Concert432,Location432,1503118986,movieposter1.jpg,150
433,54,Concert433,Location433,1515387786,movieposter5.jpg,350
434,191,Concert434,Location434,1501390986,movieposter1.jpg,150
435,134,Concert435,Location435,1510549386,movieposter2.jpg,350
436,122,Concert436,Location436,1507870986,movieposter2.jpg,350
437,112,Concert437,Location437,1513400586,movieposter5.jpg,200
438,105,Concert438,Location438,1507784586,movieposter5.jpg,100
439,190,Concert439,Location439,1518930186,movieposter5.jpg,400
440,13,Concert440,Location440,1500181386,movieposter1.jpg,200
441,69,Concert441,Location441,1519534986,movieposter2.jpg,100
442,117,Concert442,Location442,1502773386,movieposter4.jpg,150
443,179,Concert443,Location443,1518670986,movieposter2.jpg,250
444,61,Concert444,Location444,1515906186,movieposter4.jpg,150
445,146,Concert445,Location445,1528779786,movieposter2.jpg,450
446,71,Concert446,Location446,1515560586,movieposter3.jpg,100
447,134,Concert447,Location447,1521435786,movieposter4.jpg,400
448,35,Concert448,Location448,1521867786,movieposter4.jpg,300
449,152,Concert449,Location449,1503810186,movieposter3.jpg,100
450,107,Concert450,Location450,1509166986,movieposter5.jpg,250
451,42,Concert451,Location451,1502514186,movieposter5.jpg,200
452,20,Concert452,Location452,1501909386,movieposter5.jpg,400
453,25,Concert453,Location453,1524891786,movieposter5.jpg,250
454,165,Concert454,Location454,1525064586,movieposter2.jpg,100
455,180,Concert455,Location455,1520398986,movieposter3.jpg,300
456,199,Concert456,Location456,1504501386,movieposter5.jpg,200
457,14,Concert457,Location457,1516338186,movieposter2.jpg,300
458,167,Concert458,Location458,1505365386,movieposter3.jpg,150
459,30,Concert459,Location459,1515387786,movieposter5.jpg,200
460,151,Concert460,Location460,1530766986,movieposter4.jpg,350
461,131,Concert461,Location461,1514523786,movieposter4.jpg,300
462,161,Concert462,Location462,1518411786,movieposter3.jpg,450
463,148,Concert463,Location463,1509253386,movieposter3.jpg,200
464,42,Concert464,Location464,1525323786,movieposter1.jpg,150
465,109,Concert465,Location465,1521694986,movieposter5.jpg,100
466,107,Concert466,Location466,1518325386,movieposter5.jpg,150
467,59,Concert467,Location467,1505970186,movieposter3.jpg,350
468,181,Concert468,Location468,1500354186,movieposter2.jpg,300
469,44,Concert469,Location469,1517720586,movieposter2.jpg,450
470,76,Concert470,Location470,1526446986,movieposter5.jpg,200
471,196,Concert471,Location471,1519016586,movieposter3.jpg,150
472,52,Concert472,Location472,1511499786,movieposter2.jpg,150
473,106,Concert473,Location473,1501650186,movieposter2.jpg,250
474,146,Concert474,Location474,1500354186,movieposter1.jpg,350
475,159,Concert475,Location475,1499576586,movieposter4.jpg,250
476,48,Concert476,Location476,1511499786,movieposter4.jpg,350
477,22,Concert477,Location477,1515387786,movieposter2.jpg,300
478,3,Concert478,Location478,1526706186,movieposter5.jpg,450
479,87,Concert479,Location479,1508302986,movieposter4.jpg,450
480,40,Concert480,Location480,1523595786,movieposter1.jpg,350
481,97,Concert481,Location481,1524459786,movieposter5.jpg,100
482,128,Concert482,Location482,1501822986,movieposter3.jpg,350
483,153,Concert483,Location483,1528779786,movieposter2.jpg,450
484,44,Concert484,Location484,1509080586,movieposter5.jpg,150
485,153,Concert485,Location485,1518670986,movieposter5.jpg,100
486,156,Concert486,Location486,1512018186,movieposter4.jpg,250
487,166,Concert487,Location487,1504242186,movieposter2.jpg,250
488,124,Concert488,Location488,1508907786,movieposter2.jpg,450
489,165,Concert489,Location489,1521176586,movieposter1.jpg,400
490,117,Concert490,Location490,1509080586,movieposter4.jpg,250
491,44,Concert491,Location491,1522472586,movieposter2.jpg,100
492,63,Concert492,Location492,1516510986,movieposter5.jpg,200
493,29,Concert493,Location493,1520744586,movieposter3.jpg,200
494,68,Concert494,Location494,1503291786,movieposter5.jpg,350
495,126,Concert495,Location495,1518066186,movieposter3.jpg,300
496,184,Concert496,Location496,1529038986,movieposter4.jpg,100
497,17,Concert497,Location497,1519621386,movieposter5.jpg,150
498,50,Concert498,Location498,1502082186,movieposter4.jpg,450
499,66,Concert499,Location499,1525928586,movieposter1.jpg,450
